{"epsilon": 0.3, "_timestamp": 1698785248.1279993, "_runtime": 6.842899322509766, "_step": 3, "mono": 0.0, "unif_cost": false, "cardinality-constraint": 20}