{"false_positive_rate": 0.0, "_timestamp": 1694927316.7803917, "_runtime": 240.1910047531128, "_step": 38, "avg_query_times": 2668.74, "q": 0.007, "_wandb": {"runtime": 240}}