{"epsilon": 0.3, "_timestamp": 1702112227.4206498, "_runtime": 6.791390657424927, "_step": 3, "mono": 0.0, "unif_cost": false, "cardinality-constraint": 100}