{"epsilon": 0.3, "_timestamp": 1698788581.995884, "_runtime": 7.651496887207031, "_step": 3, "mono": 0.0, "unif_cost": false, "cardinality-constraint": 100}