{"epsilon": 0.3, "_timestamp": 1698788054.4134917, "_runtime": 7.849947690963745, "_step": 8, "mono": 0.0, "unif_cost": false, "cardinality-constraint": 100, "n": 4500, "m": 375, "fval": 283.0, "cost": 618.7539999999999, "evals": 445150, "_wandb": {"runtime": 7}}