{"epsilon": 0.3, "_timestamp": 1698789398.2398815, "_runtime": 7.87338662147522, "_step": 7, "mono": 0.0, "unif_cost": false, "cardinality-constraint": 100, "n": 4500, "m": 375, "fval": 283.0, "evals": 445050, "_wandb": {"runtime": 7}}