{"false_positive_rate": 0.0, "_timestamp": 1694928488.511421, "_runtime": 168.83931708335876, "_step": 26, "avg_query_times": 3205.72, "q": 0.005}