{"epsilon": 0.3, "_timestamp": 1702111759.293321, "_runtime": 9.893094778060913, "_step": 3, "mono": 0.0, "unif_cost": false, "cardinality-constraint": 100}