{"epsilon": 0.3, "_timestamp": 1698788650.021053, "_runtime": 5.775094032287598, "_step": 3, "mono": 0.0, "unif_cost": false, "cardinality-constraint": 100}