{"false_positive_rate": 0.0, "_timestamp": 1694934830.7079086, "_runtime": 1646.567777633667, "_step": 29, "avg_query_times": 9698.98, "q": 0.01, "_wandb": {"runtime": 1645}}