{"epsilon": 0.3, "_timestamp": 1698784147.8669078, "_runtime": 5.454357862472534, "_step": 3, "mono": 0.0, "unif_cost": false, "cardinality-constraint": 20}