{"t3_false_positive_rate": 0.0, "_timestamp": 1695009393.1209135, "_runtime": 4285.982230424881, "_step": 59, "t3_avg_query_times": 10055.66, "t4_false_positive_rate": 0.0, "t4_avg_query_times": 9766.64, "q": 0.006, "_wandb": {"runtime": 4283}}