{"false_positive_rate": 0.0, "_timestamp": 1694930314.729328, "_runtime": 390.9315049648285, "_step": 29, "avg_query_times": 2918.48, "q": 0.01, "_wandb": {"runtime": 391}}