{"false_positive_rate": 0.0, "_timestamp": 1694923221.5798643, "_runtime": 195.2570402622223, "_step": 19, "avg_query_times": 2465.0, "_wandb": {"runtime": 195}}