{"epsilon": 0.3, "_timestamp": 1698789228.4697611, "_runtime": 6.461470127105713, "_step": 3, "mono": 0.0, "unif_cost": false, "cardinality-constraint": 100}