{"epsilon": 0.3, "_timestamp": 1702111398.817445, "_runtime": 6.737993955612183, "_step": 3, "mono": 0.0, "unif_cost": false, "cardinality-constraint": 100}