{"epsilon": 0.3, "_timestamp": 1702112964.5019097, "_runtime": 22.64259672164917, "_step": 7, "mono": 0.0, "unif_cost": false, "cardinality-constraint": 100, "n": 4500, "m": 375, "fval": 267.0, "evals": 4118195136129580, "_wandb": {"runtime": 22}}