{"false_positive_rate": 0.0, "_timestamp": 1694926438.1267853, "_runtime": 197.57853817939758, "_step": 29, "avg_query_times": 2768.7, "q": 0.01, "_wandb": {"runtime": 197}}