{"t3_false_positive_rate": 0.0, "_timestamp": 1694939960.0240183, "_runtime": 326.53376936912537, "_step": 49, "t3_avg_query_times": 2687.66, "q": 0.01, "_wandb": {"runtime": 327}}