{"false_positive_rate": 0.0, "_timestamp": 1694925199.754835, "_runtime": 1718.1932117938995, "_step": 19, "avg_query_times": 10228.3, "_wandb": {"runtime": 1718}}