{"epsilon": 0.3, "_timestamp": 1702111272.8679557, "_runtime": 9.200462579727173, "_step": 7, "mono": 0.0, "unif_cost": false, "cardinality-constraint": 100, "n": 4500, "m": 375, "fval": 283.0, "evals": 445050, "_wandb": {"runtime": 9}}