{"epsilon": 0.3, "_timestamp": 1702112041.9175007, "_runtime": 6.753094673156738, "_step": 3, "mono": 0.0, "unif_cost": false, "cardinality-constraint": 100}