{"false_positive_rate": 0.0, "_timestamp": 1694932817.3224306, "_runtime": 1501.7749826908112, "_step": 29, "avg_query_times": 9478.36, "q": 0.01, "_wandb": {"runtime": 1501}}