{"epsilon": 0.3, "_timestamp": 1702110898.832632, "_runtime": 6.5382630825042725, "_step": 3, "mono": 0.0, "unif_cost": false, "cardinality-constraint": 10}