{"epsilon": [0.3], "_timestamp": 1698784034.460208, "_runtime": 5.690345048904419, "_step": 3, "mono": 0.0, "unif_cost": false, "cardinality-constraint": 20}