{"t3_false_positive_rate": 0.0, "_timestamp": 1694941898.2875996, "_runtime": 302.0898685455322, "_step": 59, "t3_avg_query_times": 3277.54, "t4_false_positive_rate": 0.0, "t4_avg_query_times": 3177.0, "q": 0.006, "_wandb": {"runtime": 301}}