{"epsilon": 0.3, "_timestamp": 1698788300.2571075, "_runtime": 6.611974477767944, "_step": 3, "mono": 0.0, "unif_cost": false, "cardinality-constraint": 100}