{"false_positive_rate": 0.02, "_timestamp": 1694922715.6055112, "_runtime": 64.22468614578247, "_step": 5, "avg_query_times": 3799.54, "_wandb": {"runtime": 64}}